Workbook

Sheet 1. Submittal
A1: Filename | B1: Issue Status | C1: Revision | D1: Revision Date | E1: Description / Title | F1: Discipline | G1: Category | H1: Asset / ID Number | I1: Project | J1: Plant | K1: Department Code | L1: Document Type | M1: Vendor Name | N1: Location | O1: Department Name
A2: E-7-160.51.27.276-074-06_Single Line Distribution Diagram.dwg | O2: =IFERROR(VLOOKUP(K2,'2. Buzzi Admin Only'!Q:R,2,0),"")
A3: 84957r0.PDF | D3: 12/04/07 | E3: HANDRAIL | F3: Structural | G3: S | H3: M 84957 | L3: Drawings | M3: SBN | O3: =IFERROR(VLOOKUP(K3,'2. Buzzi Admin Only'!Q:R,2,0),"")
A4: 63902.PDF | D4: 08/15/00 | E4: S.S. 420 | F4: Structural | G4: D | H4: M-S-01-S-25 | L4: Drawings | M4: QUALICO STEEL CO, INC. | O4: =IFERROR(VLOOKUP(K4,'2. Buzzi Admin Only'!Q:R,2,0),"")
A5: EXIST CLINKER Wall D5.1 Final 09-20-08.pdf | D5: 09/30/08 | E5: ROOF BOTTOM EAVE SECTION, ROOF RAKE SECTION, CORNER SECTION, ROOF TOP EAVE SECTION, SILL SECTION, BASE SECTION, JAMB SECTION, HEAD SECTION, PANEL LAP DETAIL | F5: Structural | G5: R | L5: Drawings | M5: CRU-CON ENGINEERING | O5: =IFERROR(VLOOKUP(K5,'2. Buzzi Admin Only'!Q:R,2,0),"")
A6: 22231R1.PDF | O6: =IFERROR(VLOOKUP(K6,'2. Buzzi Admin Only'!Q:R,2,0),"")
A7: 92104.PDF | B7: IFA | D7: 06/01/07 | E7: BILL OF MATERIAL | F7: Structural | G7: S | H7: 921041C1 | L7: Drawings | M7: M.E.I. | O7: =IFERROR(VLOOKUP(K7,'2. Buzzi Admin Only'!Q:R,2,0),"")
A8: 11107r4.PDF | C8: A | D8: 05/21/00 | E8: UPRIGHT 14-11 | F8: Structural | G8: D | H8: 1189P | L8: Drawings | M8: GARDNER, INC. | O8: =IFERROR(VLOOKUP(K8,'2. Buzzi Admin Only'!Q:R,2,0),"")
A9: 26221A.PDF | O9: =IFERROR(VLOOKUP(K9,'2. Buzzi Admin Only'!Q:R,2,0),"")
A10: 66902Ar1.pdf | E10: C-21-00001 | F10: Structural | G10: A | L10: Drawings | M10: QUALICO STEEL CO., INC. | O10: =IFERROR(VLOOKUP(K10,'2. Buzzi Admin Only'!Q:R,2,0),"")
A11: 93208r0.PDF | D11: 04/01/07 | E11: GRID BEAM | F11: Structural | G11: S | H11: 932081 | J11: River Cement | L11: Drawings | M11: QUALICO STEEL CO. INC. | O11: =IFERROR(VLOOKUP(K11,'2. Buzzi Admin Only'!Q:R,2,0),"")
A12: 61969r0.PDF | C12: 0 | K12: 550 | O12: =IFERROR(VLOOKUP(K12,'2. Buzzi Admin Only'!Q:R,2,0),"") -> Bags Cement Shipping (Packing & Palletizers)
A13: G51 REV-0.pdf | D13: 08/23/27 | E13: BILL OF MATERIAL | F13: Structural | G13: D | L13: Drawings | M13: GULP INC. | O13: =IFERROR(VLOOKUP(K13,'2. Buzzi Admin Only'!Q:R,2,0),"")
A14: 17413.PDF | B14: IFA | D14: 01/10/07 | E14: WELDED ASSEMBLY FOR BRACE | F14: Structural | G14: D | H14: C-1321 (V12) | L14: Drawings | M14: QUALITY STEEL CO. INC. | O14: =IFERROR(VLOOKUP(K14,'2. Buzzi Admin Only'!Q:R,2,0),"")
A15: 16415R1.PDF | E15: BILL OF MATERIAL | F15: Structural | G15: G | L15: Listings | O15: =IFERROR(VLOOKUP(K15,'2. Buzzi Admin Only'!Q:R,2,0),"")
A16: 14404.PDF | D16: 12/18/07 | E16: BOTTOM BRACE | F16: Structural | G16: S | H16: 14404 | J16: River Cement | L16: Drawings | M16: QUALICO STEEL CO. INC. | O16: =IFERROR(VLOOKUP(K16,'2. Buzzi Admin Only'!Q:R,2,0),"")
A17: 20215.PDF | B17: IFA | D17: 02/12/07 | E17: BEAM | F17: Structural | G17: S | H17: 2021S | J17: River Cement | L17: Drawings | M17: QUALICO STEEL CO. INC. | O17: =IFERROR(VLOOKUP(K17,'2. Buzzi Admin Only'!Q:R,2,0),"")
A18: 16443.PDF | E18: BILL OF MATERIAL | F18: Structural | G18: S | L18: Drawings | O18: =IFERROR(VLOOKUP(K18,'2. Buzzi Admin Only'!Q:R,2,0),"")
A19: 82416.pdf | B19: IFA | D19: 06/08/17 | E19: METAL BRACKETING | F19: Structural | G19: D | H19: 6241SCD | L19: Drawings | M19: QUALICO STEEL CO. INC. | O19: =IFERROR(VLOOKUP(K19,'2. Buzzi Admin Only'!Q:R,2,0),"")
A20: 146058PI9004.dwg | O20: =IFERROR(VLOOKUP(K20,'2. Buzzi Admin Only'!Q:R,2,0),"")
A21: MN509565-SP01_Rev0.pdf | D21: 01/01/23 | L21: Drawings | O21: =IFERROR(VLOOKUP(K21,'2. Buzzi Admin Only'!Q:R,2,0),"")
A22: MN509565-SP02_Rev0.pdf | E22: SPLICE PLATE STRINGER MK. 52.2 | F22: Structural | G22: D | H22: M0005001-SP2 | L22: Drawings | M22: DISEÑO DE MAQUINAS E INDUSTRIAS INDUSTRIALES, S.A. DE C.V. | O22: =IFERROR(VLOOKUP(K22,'2. Buzzi Admin Only'!Q:R,2,0),"")
A23: MN509560-TT03_Rev0.pdf | D23: 01/11/21 | E23: TOWER STEEL STRUCTURE | F23: Structural | G23: A | H23: M000001775 | L23: Drawings | O23: =IFERROR(VLOOKUP(K23,'2. Buzzi Admin Only'!Q:R,2,0),"")
A24: MN509565-BNT03_Rev0.pdf | E24: ASSEMBLY LIST | F24: Structural | G24: A | L24: Listings | O24: =IFERROR(VLOOKUP(K24,'2. Buzzi Admin Only'!Q:R,2,0),"")
A25: y-394691_001.dwg | O25: =IFERROR(VLOOKUP(K25,'2. Buzzi Admin Only'!Q:R,2,0),"")
A26: MN509565-BNT02_Rev0.pdf | E26: BENT MK. 37.2 | F26: Structural | G26: D | H26: M0000000187F0 | L26: Drawings | M26: SISTEMA DE MAQUINAS INDUSTRIALES S.A. DE C.V. | O26: =IFERROR(VLOOKUP(K26,'2. Buzzi Admin Only'!Q:R,2,0),"")
A27: MN509565-ES01_Rev2.pdf | C27: 0 | D27: 02/14/24 | E27: ELEVATION ON GRID B | F27: Structural | G27: A | H27: EQ_MN509565 | L27: Drawings | M27: Holcim | O27: =IFERROR(VLOOKUP(K27,'2. Buzzi Admin Only'!Q:R,2,0),"")
A28: MN509565-BNT01_Rev0.pdf | D28: 05/27/21 | E28: BENT MK. 37.1 | F28: Structural | G28: A | H28: M03000-BT31 | L28: Drawings | M28: dm DISEÑO DE MAQUINAS INDUSTRIALES S.A. DE C.V. | O28: =IFERROR(VLOOKUP(K28,'2. Buzzi Admin Only'!Q:R,2,0),"")
A29: MN509560-SG02_Rev0.pdf | E29: STRINGER STANDARD SECTION 5800mm SL. 1/1 | F29: Structural | G29: A | H29: MN5095580 | L29: Drawings | M29: DISENO DE MAQUINAS INDUSTRIALES, S.A. DE C.V. | O29: =IFERROR(VLOOKUP(K29,'2. Buzzi Admin Only'!Q:R,2,0),"")
A30: ID 2949 - Paint_Specification_Primer.pdf | D30: 12/11 | E30: KEM BOND® HS UNIVERSAL METAL PRIMER | L30: Cut Sheets | M30: Sherwin-Williams | O30: =IFERROR(VLOOKUP(K30,'2. Buzzi Admin Only'!Q:R,2,0),"")
A31: ID 2950 - Paint_Specification_Final_Coat.pdf | C31: 2.24 | D31: 07/10/null | E31: METALASTIC® DTM ACRYLIC MODIFIED ENAMEL PRODUCT INFORMATION | L31: Cut Sheets | M31: Sherwin Williams | O31: =IFERROR(VLOOKUP(K31,'2. Buzzi Admin Only'!Q:R,2,0),"")
A32: D_56-01974_R0.dwg | O32: =IFERROR(VLOOKUP(K32,'2. Buzzi Admin Only'!Q:R,2,0),"")
A33: ID 2449 - Pump-Cardox_Room_Sketch.pdf | E33: Plan View and Sections of Electrical Room, Pump Room, Cargo Room, and Analyzer Shelter | F33: Electrical | G33: G | H33: 2648 | L33: Drawings | O33: =IFERROR(VLOOKUP(K33,'2. Buzzi Admin Only'!Q:R,2,0),"")
A34: MN509565-SG01_Rev0.pdf | B34: PRE | C34: A | D34: 12/21/22 | E34: ELEVATIONS AND PLAN VIEW | F34: Structural | G34: A | H34: JN09445 | L34: Drawings | O34: =IFERROR(VLOOKUP(K34,'2. Buzzi Admin Only'!Q:R,2,0),"")
A35: D_59-00254_1.dwg | B35: APR | C35: 0 | D35: 01/15/24 | E35: VALVULA SOPORTE PARA CONTRAFLANJA | F35: Mechanical | G35: M | H35: 3P-2024 | L35: Drawings | O35: =IFERROR(VLOOKUP(K35,'2. Buzzi Admin Only'!Q:R,2,0),"")
A36: ID 2948 - Equipment_List Rev 1.pdf | C36: 1 | D36: 03/09/15 | E36: Equipment List | F36: Mechanical | G36: F | H36: 304130.01 | L36: Listings | M36: Lechler, Inc. | O36: =IFERROR(VLOOKUP(K36,'2. Buzzi Admin Only'!Q:R,2,0),"")
A37: MN509565-SG02_Rev0.pdf | B37: PRE | C37: P | D37: 02/14/18 | E37: SISTEMA ESTEREO ELEVACION GRID A, B, C | F37: Structural | G37: A | H37: EQ_MN009565 | L37: Drawings | M37: MACQUINAS INDUSTRIALES, S.A. DE C.V. | O37: =IFERROR(VLOOKUP(K37,'2. Buzzi Admin Only'!Q:R,2,0),"")
A38: D_59-00257_0.dwg | B38: IFC | C38: 0 | D38: 11/20/00 | E38: TRONCO CONICO Ø 281 x 42 x 2 m VALVOLA A TAMPORE CHIUSO ± 3 VIE | F38: Mechanical | G38: M | L38: Drawings | M38: BORRANEI S.R.L. | O38: =IFERROR(VLOOKUP(K38,'2. Buzzi Admin Only'!Q:R,2,0),"")
A39: D_59-00260_1.dwg | B39: IFC | D39: 01/20/00 | E39: VALVOLE PER GAS (Gas Valves) | F39: Mechanical | G39: P | H39: 59-06260 | L39: Drawings | M39: BORRANI S.p.A. | O39: =IFERROR(VLOOKUP(K39,'2. Buzzi Admin Only'!Q:R,2,0),"")
A40: D_59-00256_0.dwg | C40: A | D40: 05/12/21 | E40: VALVULA DE PASO PARA MESA | F40: Mechanical | G40: M | H40: 4003-3LZ-24 | L40: Drawings | O40: =IFERROR(VLOOKUP(K40,'2. Buzzi Admin Only'!Q:R,2,0),"")
A41: D_56-01976_R0.dwg | O41: =IFERROR(VLOOKUP(K41,'2. Buzzi Admin Only'!Q:R,2,0),"")
A42: D_59-00255_1.dwg | B42: IFC | C42: 1 | D42: 06/05/06 | E42: ANELLO PER FLANGIA | F42: Mechanical | G42: M | H42: 0605-BUZ-23 | L42: Drawings | M42: BORREANI S.R.L. | O42: =IFERROR(VLOOKUP(K42,'2. Buzzi Admin Only'!Q:R,2,0),"")
A43: ID 2446 - Downcomer_Compressor_Flow_Diagram.pdf | C43: 0 | D43: 03/01/22 | E43: FLOW CIRCUIT | F43: Mechanical | G43: F | H43: 304130.00 | L43: Drawings | M43: BUZI Unicem USA | O43: =IFERROR(VLOOKUP(K43,'2. Buzzi Admin Only'!Q:R,2,0),"")
A44: D_59-00252_0.dwg | B44: IFC | C44: A | D44: 08/12/06 | E44: VALVOLA A TARCALE 800D A 3 VIE | F44: Mechanical | G44: M | L44: Drawings | M44: BORREANI S.r.l. | O44: =IFERROR(VLOOKUP(K44,'2. Buzzi Admin Only'!Q:R,2,0),"")
A45: S-6-04-E-046_C5.dwg | F45: Electrical | L45: Drawings | O45: =IFERROR(VLOOKUP(K45,'2. Buzzi Admin Only'!Q:R,2,0),"")
A46: ID 2453 - Water_Jet_Sketch.pdf | E46: Floor Connection Typical | F46: Mechanical | G46: P | H46: 2453 | L46: Drawings | O46: =IFERROR(VLOOKUP(K46,'2. Buzzi Admin Only'!Q:R,2,0),"")
A47: D005943-buzzi_uni.dwg | O47: =IFERROR(VLOOKUP(K47,'2. Buzzi Admin Only'!Q:R,2,0),"")
A48: ID 9519 - Air and Water Requirement.pdf | C48: 1 | D48: 11/21/15 | E48: AIR & WATER REQUIREMENTS - VarioCOOL® Gas Cooling System | F48: Mechanical | G48: V | L48: Misc. Vendor Docs | M48: Lechler Inc. | O48: =IFERROR(VLOOKUP(K48,'2. Buzzi Admin Only'!Q:R,2,0),"")
A49: ID 6318 - 79883_USP.pdf | E49: Spare Parts List | J49: Maryneal Cement | L49: Listings | M49: Lechler, Inc | O49: =IFERROR(VLOOKUP(K49,'2. Buzzi Admin Only'!Q:R,2,0),"")
A50: ID 5165 - Electrical_List.pdf | C50: 0 | D50: 01/19/15 | E50: Electrical List | F50: Electrical | G50: S | H50: 823.100.61.00.00.0_AV0 | L50: Listings | M50: Lechler, Inc. | O50: =IFERROR(VLOOKUP(K50,'2. Buzzi Admin Only'!Q:R,2,0),"")
A51: 231018-S-514-2.dwg | O51: =IFERROR(VLOOKUP(K51,'2. Buzzi Admin Only'!Q:R,2,0),"")
A52: 101907.pdf | E52: DETAIL A - ONE HANDRAIL | F52: Structural | G52: D | H52: 101097HR1 | L52: Drawings | M52: QUALICO STEEL CO. INC. | O52: =IFERROR(VLOOKUP(K52,'2. Buzzi Admin Only'!Q:R,2,0),"")
A53: 102912.rev0.pdf | D53: 03/12/08 | E53: HANDRAIL | F53: Structural | G53: D | L53: Drawings | M53: QUALICO STEEL CO. INC. | O53: =IFERROR(VLOOKUP(K53,'2. Buzzi Admin Only'!Q:R,2,0),"")
A54: 101913.pdf | O54: =IFERROR(VLOOKUP(K54,'2. Buzzi Admin Only'!Q:R,2,0),"")
A55: 102916.rev0.pdf | B55: IFA | D55: 03/19/09 | E55: CNE — HANDRAIL | F55: Structural | G55: D | H55: 0201501881 | L55: Drawings | O55: =IFERROR(VLOOKUP(K55,'2. Buzzi Admin Only'!Q:R,2,0),"")
A56: D005943-DIS-TRAN S01.dwg | L56: Drawings | O56: =IFERROR(VLOOKUP(K56,'2. Buzzi Admin Only'!Q:R,2,0),"")
A57: 101911.pdf | C57: S | D57: 03/14/08 | E57: FINISHED HANDRAIL | F57: Mechanical | G57: M | L57: Drawings | M57: QUALCO QUALICO STEEL CO. INC. | O57: =IFERROR(VLOOKUP(K57,'2. Buzzi Admin Only'!Q:R,2,0),"")
A58: 102910.rev0.pdf | D58: 03/15/08 | E58: HANDRAIL | F58: Structural | G58: D | H58: 102910HR1 | L58: Drawings | M58: QUALICO STEEL CO. INC. | O58: =IFERROR(VLOOKUP(K58,'2. Buzzi Admin Only'!Q:R,2,0),"")
A59: 102912.pdf | B59: IFC | C59: C | D59: 02/01/08 | E59: HANDRAIL | F59: Structural | G59: D | H59: 10291HR1 | L59: Drawings | M59: QUALICO STEEL CO. INC. | O59: =IFERROR(VLOOKUP(K59,'2. Buzzi Admin Only'!Q:R,2,0),"")
A60: 106932r0.pdf | B60: IFC | D60: 06/05/08 | E60: HANDRAIL | F60: Structural | G60: D | H60: 106932HR1 | L60: Drawings | O60: =IFERROR(VLOOKUP(K60,'2. Buzzi Admin Only'!Q:R,2,0),"")
A61: 0710660002.DWG | O61: =IFERROR(VLOOKUP(K61,'2. Buzzi Admin Only'!Q:R,2,0),"")
A62: Buzzi Maryneal - Base.dwg | O62: =IFERROR(VLOOKUP(K62,'2. Buzzi Admin Only'!Q:R,2,0),"")
A63: Buzzi Maryneal - Horz.dwg | O63: =IFERROR(VLOOKUP(K63,'2. Buzzi Admin Only'!Q:R,2,0),"")
A64: maryneal plant pressure unit layout.dwg | O64: =IFERROR(VLOOKUP(K64,'2. Buzzi Admin Only'!Q:R,2,0),"")
A65: 103906.pdf | B65: IFA | C65: 0 | D65: 03/20/08 | E65: HANDRAIL | F65: Structural | G65: S | H65: 1020S000001 | L65: Drawings | M65: QUALICO STEEL CO. INC. | O65: =IFERROR(VLOOKUP(K65,'2. Buzzi Admin Only'!Q:R,2,0),"")
A66: 102908.pdf | E66: BILL OF MATERIAL | F66: Structural | G66: D | L66: Drawings | O66: =IFERROR(VLOOKUP(K66,'2. Buzzi Admin Only'!Q:R,2,0),"")
A67: 102909.pdf | E67: HANDRAIL | F67: Structural | G67: D | H67: 10209HR1 | L67: Drawings | O67: =IFERROR(VLOOKUP(K67,'2. Buzzi Admin Only'!Q:R,2,0),"")
A68: 108901Ar.pdf | B68: IFA | D68: 07/10/08 | E68: 1-STAIR ASSEMBLY-Marked-108901S1 | F68: Structural | G68: A | H68: 108901S1 | L68: Drawings | M68: QUALICO STEEL CO. INC. | O68: =IFERROR(VLOOKUP(K68,'2. Buzzi Admin Only'!Q:R,2,0),"")
A69: 103904.pdf | D69: 08/30/08 | E69: ONE - HANDRAIL | F69: Structural | G69: D | H69: 102004HRIL | L69: Drawings | M69: QUALICO STEEL CO. INC. | O69: =IFERROR(VLOOKUP(K69,'2. Buzzi Admin Only'!Q:R,2,0),"")
A70: 109901r0.pdf | C70: 0 | D70: 06/21 | E70: 1-HANDRAIL-Maxrail-10901H | F70: Structural | G70: S | H70: 10901H | L70: Drawings | M70: QUALICO STEEL CO. INC. | O70: =IFERROR(VLOOKUP(K70,'2. Buzzi Admin Only'!Q:R,2,0),"")
A71: CV-1-IB06Rev0.dwg | O71: =IFERROR(VLOOKUP(K71,'2. Buzzi Admin Only'!Q:R,2,0),"")
A72: 110902Ar0.pdf | B72: APR | C72: 0 | D72: 06/20/09 | E72: 1-STAIR ASSEMBLY V-Main 109001-109010 | F72: Structural | G72: S | H72: S-TSR-02 | L72: Drawings | M72: QUALICO STEEL CO. INC. | O72: =IFERROR(VLOOKUP(K72,'2. Buzzi Admin Only'!Q:R,2,0),"")
A73: P13698-1604-1015-01_REV_C_ACAD2013.dwg | F73: Mechanical | G73: M | L73: Drawings | O73: =IFERROR(VLOOKUP(K73,'2. Buzzi Admin Only'!Q:R,2,0),"")
A74: P13698-1604-1071-01_REV_-_ACAD2013.dwg | O74: =IFERROR(VLOOKUP(K74,'2. Buzzi Admin Only'!Q:R,2,0),"")
A75: P13698-1604-1070-01_REV_-_ACAD2013.dwg | O75: =IFERROR(VLOOKUP(K75,'2. Buzzi Admin Only'!Q:R,2,0),"")
A76: 101917.pdf | C76: 06-21 | D76: 03/14/08 | E76: HANDRAIL | F76: Structural | G76: D | H76: 101917 | L76: Drawings | M76: QUALICO STEEL CO. INC. | O76: =IFERROR(VLOOKUP(K76,'2. Buzzi Admin Only'!Q:R,2,0),"")
A77: CV-1-IB02RevD.dwg | O77: =IFERROR(VLOOKUP(K77,'2. Buzzi Admin Only'!Q:R,2,0),"")
A78: 110906r0.pdf | B78: APR | C78: 0 | D78: 06/20/08 | E78: HANDRAIL | F78: Structural | G78: D | H78: 110906 | L78: Drawings | M78: QUALICO STEEL CO. INC. | O78: =IFERROR(VLOOKUP(K78,'2. Buzzi Admin Only'!Q:R,2,0),"")
A79: ID 2452 - MPI_Fittings_Valves.pdf | D79: 02/01/12 | E79: Medium Pressure Products MPIT™ Fittings and Valves 6,000 – 15,000 PSI Range Catalog 4234 | F79: Mechanical | G79: V | L79: Manuals | M79: Parker Hannifin Corporation | N79: =IFERROR(VLOOKUP(#REF!,'2. Buzzi Admin Only'!N:O,2,0),"") | O79: =IFERROR(VLOOKUP(K79,'2. Buzzi Admin Only'!Q:R,2,0),"")
A80: ID 2954 - Ball_Valve_and_Accessories.pdf | E80: BLOW-OFF DRAIN VALVE BALL VALVE DESIGN | F80: Mechanical | G80: V | L80: Cut Sheets | M80: TITAN FLOW CONTROL | N80: =IFERROR(VLOOKUP(#REF!,'2. Buzzi Admin Only'!N:O,2,0),"") | O80: =IFERROR(VLOOKUP(K80,'2. Buzzi Admin Only'!Q:R,2,0),"")
A81: 106909r0.pdf | B81: APR | D81: 04/03/08 | E81: HANDRAIL | F81: Structural | G81: S | H81: 106909HR1 | L81: Drawings | M81: HUMALICO STEEL CO. INC. | N81: =IFERROR(VLOOKUP(#REF!,'2. Buzzi Admin Only'!N:O,2,0),"") | O81: =IFERROR(VLOOKUP(K81,'2. Buzzi Admin Only'!Q:R,2,0),"")
A82: 103905r1.pdf | C82: 1 | D82: 06/29/08 | E82: HANDRAIL | F82: Structural | G82: D | H82: 1030950HR1 | J82: River Cement | L82: Drawings | M82: QUALICO STEEL CO. INC. | N82: =IFERROR(VLOOKUP(#REF!,'2. Buzzi Admin Only'!N:O,2,0),"") | O82: =IFERROR(VLOOKUP(K82,'2. Buzzi Admin Only'!Q:R,2,0),"")
A83: 106919r0.pdf | E83: HANDRAIL | F83: Structural | G83: D | H83: 106919HR1 | L83: Drawings | M83: QUALICO STEEL CO. INC. | N83: =IFERROR(VLOOKUP(#REF!,'2. Buzzi Admin Only'!N:O,2,0),"") | O83: =IFERROR(VLOOKUP(K83,'2. Buzzi Admin Only'!Q:R,2,0),"")
A84: P13698-1604-1010-01_REV_E_ACAD2013.dwg | N84: =IFERROR(VLOOKUP(#REF!,'2. Buzzi Admin Only'!N:O,2,0),"") | O84: =IFERROR(VLOOKUP(K84,'2. Buzzi Admin Only'!Q:R,2,0),"")
A85: 106918r0.pdf | C85: 0 | D85: 06/05/20 | E85: ERECT UP OF BUILDING SLABS | F85: Structural | G85: A | H85: 106581-1 | L85: Drawings | M85: QUALI CO QUALICO STEEL CO. INC. | N85: =IFERROR(VLOOKUP(#REF!,'2. Buzzi Admin Only'!N:O,2,0),"") | O85: =IFERROR(VLOOKUP(K85,'2. Buzzi Admin Only'!Q:R,2,0),"")
A86: EFE-2007-040-BU-AS-25.dwg | N86: =IFERROR(VLOOKUP(#REF!,'2. Buzzi Admin Only'!N:O,2,0),"") | O86: =IFERROR(VLOOKUP(K86,'2. Buzzi Admin Only'!Q:R,2,0),"")
A87: 106913r0.pdf | B87: IFA | E87: BILL OF MATERIAL | F87: Mechanical | G87: P | L87: Drawings | N87: =IFERROR(VLOOKUP(#REF!,'2. Buzzi Admin Only'!N:O,2,0),"") | O87: =IFERROR(VLOOKUP(K87,'2. Buzzi Admin Only'!Q:R,2,0),"")
A88: 106917r0.pdf | E88: BILL OF MATERIAL | F88: Civil | G88: U | L88: Listings | N88: =IFERROR(VLOOKUP(#REF!,'2. Buzzi Admin Only'!N:O,2,0),"") | O88: =IFERROR(VLOOKUP(K88,'2. Buzzi Admin Only'!Q:R,2,0),"")
A89: 110908r0.pdf | B89: APR | C89: 0 | D89: 09/17/21 | E89: HANDRAIL | F89: Structural | G89: D | L89: Drawings | M89: QUALICO COALITION STEEL CO. INC. | N89: =IFERROR(VLOOKUP(#REF!,'2. Buzzi Admin Only'!N:O,2,0),"") | O89: =IFERROR(VLOOKUP(K89,'2. Buzzi Admin Only'!Q:R,2,0),"")
A90: 101914.pdf | B90: APR | D90: 03/14/08 | E90: HANDRAIL | F90: Structural | G90: S | H90: MD101984HR1 | L90: Drawings | M90: QUALICO ENGINEERING INC. | N90: =IFERROR(VLOOKUP(#REF!,'2. Buzzi Admin Only'!N:O,2,0),"") | O90: =IFERROR(VLOOKUP(K90,'2. Buzzi Admin Only'!Q:R,2,0),"")
A91: 85422r1.pdf | B91: APR | D91: 07/13/07 | E91: 1-V-BRACE | F91: Structural | G91: S | H91: 85422D1 | L91: Drawings | M91: QUALICO STEEL CO. INC. | N91: =IFERROR(VLOOKUP(#REF!,'2. Buzzi Admin Only'!N:O,2,0),"") | O91: =IFERROR(VLOOKUP(K91,'2. Buzzi Admin Only'!Q:R,2,0),"")
A92: 106905Ar0.pdf | B92: APR | D92: 04/06/08 | E92: STAIR ASSEMBLY | F92: Structural | G92: A | H92: 10690551 | L92: Drawings | M92: M.E.I. | N92: =IFERROR(VLOOKUP(#REF!,'2. Buzzi Admin Only'!N:O,2,0),"") | O92: =IFERROR(VLOOKUP(K92,'2. Buzzi Admin Only'!Q:R,2,0),"")
A93: EFE-2007-040-BU-AS-24.dwg | N93: =IFERROR(VLOOKUP(#REF!,'2. Buzzi Admin Only'!N:O,2,0),"") | O93: =IFERROR(VLOOKUP(K93,'2. Buzzi Admin Only'!Q:R,2,0),"")
A94: 106926r0.pdf | B94: APR | C94: 00 | D94: 06/05/08 | E94: HANDRAIL - TOP OF BLENDING SILOS | F94: Structural | G94: D | H94: 106926HR1 | L94: Drawings | M94: QUALICO STEEL CO. INC. | N94: =IFERROR(VLOOKUP(#REF!,'2. Buzzi Admin Only'!N:O,2,0),"") | O94: =IFERROR(VLOOKUP(K94,'2. Buzzi Admin Only'!Q:R,2,0),"")
A95: ID 2959 - Proline_Prowirl_72F.pdf | E95: Proline Prowirl 72F, 72W, 73F, 73W Vortex flow measuring system | F95: Process | G95: V | H95: 5200418 | L95: Cut Sheets | M95: Endress+Hauser | N95: =IFERROR(VLOOKUP(#REF!,'2. Buzzi Admin Only'!N:O,2,0),"") | O95: =IFERROR(VLOOKUP(K95,'2. Buzzi Admin Only'!Q:R,2,0),"")
A96: C123026-1F211_SC-A6-01_00.dwg | N96: =IFERROR(VLOOKUP(#REF!,'2. Buzzi Admin Only'!N:O,2,0),"") | O96: =IFERROR(VLOOKUP(K96,'2. Buzzi Admin Only'!Q:R,2,0),"")
A97: 87336r2.pdf | E97: BILL OF MATERIAL | F97: Mechanical | G97: V | L97: Listings | N97: =IFERROR(VLOOKUP(#REF!,'2. Buzzi Admin Only'!N:O,2,0),"") | O97: =IFERROR(VLOOKUP(K97,'2. Buzzi Admin Only'!Q:R,2,0),"")
A98: 61976r0.pdf | D98: 06/29/null | E98: LADDER | F98: Structural | G98: D | L98: Drawings | M98: QUALICO STEEL CO. INC. | N98: =IFERROR(VLOOKUP(#REF!,'2. Buzzi Admin Only'!N:O,2,0),"") | O98: =IFERROR(VLOOKUP(K98,'2. Buzzi Admin Only'!Q:R,2,0),"")
A99: 107922r0.pdf | E99: HANDRAIL | F99: Structural | G99: D | H99: 107922 | L99: Drawings | M99: QUALICO STEEL CO. INC. | N99: =IFERROR(VLOOKUP(#REF!,'2. Buzzi Admin Only'!N:O,2,0),"") | O99: =IFERROR(VLOOKUP(K99,'2. Buzzi Admin Only'!Q:R,2,0),"")
A100: 108303r1.pdf | B100: APR | D100: 07/10/08 | E100: BOTTOM OF BLENDING SILOS | F100: Structural | G100: S | H100: 108303 | J100: River Cement | L100: Drawings | M100: QUALICO STEEL CO. INC. | N100: =IFERROR(VLOOKUP(#REF!,'2. Buzzi Admin Only'!N:O,2,0),"") | O100: =IFERROR(VLOOKUP(K100,'2. Buzzi Admin Only'!Q:R,2,0),"")
...

Sheet Sheet1

Sheet 2. Buzzi Admin Only
A1: Issue Status | C1: Discipline | E1: Architectural | F1: Civil | G1: Electrical | H1: Geotechnical | I1: Mechanical | J1: Process | K1: Quarry | L1: Structural | N1: Plant | O1: Location | Q1: Department Code | R1: Department Name | T1: Document Type
A2: AB- As-Built | C2: Architectural | E2: A | F2: B | G2: A | H2: N/A | I2: C | J2: C | K2: G | L2: A | N2: Alamo Cement | O2: San Antonio, TX | Q2: -TBD- | R2: -TBD- | T2: Conceptual Docs
A3: APR- Approved | C3: Civil | E3: C | F3: C | G3: B | I3: D | J3: E | K3: M | L3: C | N3: Amarillo Terminal | O3: Amarillo, TX | Q3: 100 | R3: Quarry | T3: Correspondences
A4: BID- For Bid Use only | C4: Electrical | E4: D | F4: D | G4: C | I4: E | J4: F | K4: P | L4: D | N4: Bonner Springs Terminal | O4: Bonner Springs, KS | Q4: 110 | R4: Limestone Quarry | T4: Cut Sheets
A5: CRT- Certified | C5: Geotechnical | E5: G | F5: E | G5: D | I5: F | J5: G | K5: Q | L5: G | N5: Brandon Terminal | O5: Brandon, MS | Q5: 200 | R5: Crushing | T5: Drawings
A6: FYU- For Your Use | C6: Mechanical | E6: L | F6: G | G6: E | I6: G | J6: R | K6: V | L6: L | N6: Burnside Terminal | O6: Darrow, LA | Q6: 201 | R6: Crushing #1 | T6: Listings
A7: IFA- Issued For Approval | C7: Process | E7: P | F7: H | G7: F | I7: H | J7: S | K7: X | L7: M | N7: Cape Girardeau Cement | O7: Cape Girardeau, MO | Q7: 202 | R7: Crushing #2 | T7: Manuals
A8: IFC- Issued For Construction | C8: Quarry | E8: R | F8: L | G8: G | I8: L | J8: V | K8: Y | L8: R | N8: Cincinnati Terminal | O8: Cincinnati, OH | Q8: 203 | R8: Crushing #3 | T8: Misc. Vendor Docs
A9: IFR- Issued For Review and Comment | C9: Structural | E9: S | F9: R | G9: H | I9: M | J9: X | L9: S | N9: College Park Terminal | O9: College Park, GA | Q9: 205 | R9: Additives Crushing | T9: Reports
A10: PRE- Preliminary | E10: V | F10: S | G10: I | I10: P | J10: Y | L10: V | N10: Dallas Terminal | O10: Dallas, TX | Q10: 210 | R10: Raw Materials Unloading | T10: Specifications
A11: REC- For Records | E11: W | F11: T | G11: J | I11: U | J11: Z | L11: X | N11: Dawsonville Terminal | O11: Dawsonville, GA | Q11: 211 | R11: Barge Unloading | T11: Studies
A12: RFE- Released for Engr | E12: X | F12: U | G12: K | I12: V | L12: Y | N12: Elkhart Terminal | O12: Elkhart, IN | Q12: 212 | R12: Rail Unloading | T12: Submittals
A13: RWC- Returned with Comments | E13: Y | F13: V | G13: L | I13: X | N13: Elmira Terminal | O13: Elmira, MI | Q13: 213 | R13: Additives Unloading | T13: Transmittals
E14: Z | F14: X | G14: M | I14: Y | N14: Fort Wayne Terminal | O14: Fort Wayne, IN | Q14: 214 | R14: Barge Loading
F15: Y | G15: O | I15: Z | N15: Gainesville Terminal | O15: Gainesville, TX | Q15: 220 | R15: Raw Materials Pre-Blending, Handling & Storage
F16: Z | G16: P | N16: Grandville Terminal | O16: Grandville, MI | Q16: 221 | R16: Pre-Blending
G17: Q | N17: Greencastle Cement | O17: Greencastle, IN | Q17: 222 | R17: Raw Material Proportioning and Mill Feed
G18: R | N18: Hercules Cement | O18: Stockertown, PA | Q18: 230 | R18: Raw Grinding
G19: S | N19: Independence Terminal | O19: Independence, KS | Q19: 231 | R19: Raw Mill System #1
G20: T | N20: Indianapolis Terminal | O20: Indianapolis, IN | Q20: 232 | R20: Raw Mill System #2
G21: U | N21: Jeffersonville Terminal | O21: Jefferson, IN | Q21: 233 | R21: Raw Mill System #3
G22: V | N22: Joliet Terminal | O22: Joliet, IL | Q22: 234 | R22: Raw Mill System #4
G23: W | N23: Knoxville Terminal | O23: Knoxville, TN | Q23: 241 | R23: Blending / Kiln Feed
G24: Y | N24: Little Rock Terminal | O24: Little Rock, AR | Q24: 300 | R24: Clinker Burning
G25: Z | N25: Maryneal Cement | O25: Maryneal, TX | Q25: 301 | R25: Kiln System #1
N26: Memphis LSI Terminal | O26: Memphis, TN | Q26: 302 | R26: Kiln System #2
N27: Memphis RC Terminal | O27: Memphis, TN | Q27: 303 | R27: Kiln System #3
N28: Milwaukee Terminal | O28: Milwaukee, WI | Q28: 304 | R28: Kiln System #4
N29: Mina Terminal | O29: Atlanta, GA | Q29: 305 | R29: Kiln Dedusting
N30: Nashville (LSI) Terminal | O30: Nashville, TN | Q30: 330 | R30: Clinker Conveying & Storage
N31: Nashville (RC) Terminal | O31: Nashville, TN | Q31: 351 | R31: Coal/Coke Mill System #1
N32: Natchez Terminal | O32: Natchez, MS | Q32: 352 | R32: Coal/Coke Mill System #2
N33: New Orleans Terminal | O33: New Orleans, LA | Q33: 353 | R33: Coal/Coke Mill System #3
N34: Oglesby Cement | O34: Oglesby, IL | Q34: 354 | R34: Coal/Coke Mill System #4
N35: Oklahoma City Terminal | O35: Del City, OK | Q35: 355 | R35: Coal/Coke Unloading, Conveying & Storage
N36: Orange Terminal | O36: Orange, TX | Q36: 460 | R36: Waste Fuels
N37: Paducah Terminal | O37: Paducah, KY | Q37: 461 | R37: Waste Fuel - Liquids
... N45: Wichita Terminal | O45: Bel Aire, KS | Q45: 483 | R45: non-identified type to be assigned
Q46: 484 | R46: non-identified type to be assigned
Q47: 485 | R47: Oxygen Enrichment
Q48: 486 | R48: Non-Hazardous Solid Fuels
Q49: 500 | R49: Cement Grinding & Additives Handling/Storage
Q50: 501 | R50: Finish Mill System #1
Q51: 502 | R51: Finish Mill System #2
Q52: 503 | R52: Finish Mill System #3
Q53: 504 | R53: Finish Mill System #4
Q54: 505 | R54: Finish Mill System #5
Q55: 506 | R55: Finish Mill System #6
Q56: 507 | R56: Finish Mill System #7
Q57: 508 | R57: Gypsum & Additives Handling & Blending
... Q88: 850 | R88: Terminals
